"track_name","Artist","artist_count","released_year","released_month","released_day","in_spotify_playlists","in_spotify_charts","streams","in_apple_playlists","in_apple_charts","in_deezer_playlists","in_deezer_charts","in_shazam_charts","bpm","key","mode","danceability_.","valence_.","energy_.","acousticness_.","instrumentalness_.","liveness_.","speechiness_.","X.","Popularity","BPM","Genres","Parent.Genres","Album","Album.Date","Time","Dance","Energy","Acoustic","Instrumental","Happy","Speech","Live","Loud","Key","Time.Signature","Added.At","Spotify.Track.Id","Album.Label","Camelot","Spotify.Track.Img","Song.Preview","popularity","average_charting"
"Cruel Summer","Taylor Swift",1,2019,8,23,7858,100,"800840817",116,207,"125",12,"548",170,"A","Major",55,58,72,11,0,11,15,"156","99","170","pop","Pop","Lover","2019-08-23","02:58","55","70","12","0","56","10","10","-6","A Major","4","2023-08-14","1BxfuPKGuaTgP7aM0Bbdwr","Taylor Swift","11B","","https://i.scdn.co/image/ab67616d00004851e787cffec20aa2a396a61647","High Popularity",106
"As It Was","Harry Styles",1,2022,3,31,23575,130,"2513188493",403,198,"863",46,"",174,"F#","Minor",52,66,73,34,0,31,6,"1","91","174","pop","Pop","As It Was","2022-03-31","02:47","52","73","34","0","66","0","30","-5","F#/G♭ Minor","4","2023-08-14","4LRPiXqCikLlN15c3yImP7","Columbia","11A","https://p.scdn.co/mp3-preview/c43dd07043b29e800c1a65b3a0102861fa3cf418?cid=0dd13485836e45ac9134860ee53d835f","https://i.scdn.co/image/ab67616d00004851b46f74097655d7f353caab14","High Popularity",125
"Blank Space","Taylor Swift",1,2014,1,1,11434,53,"1355959075",154,123,"410",2,"81",96,"F","Major",75,57,68,9,0,13,6,"411","91","96","pop","Pop","1989 (Deluxe)","2014-01-01","03:51","76","70","10","0","57","0","0","-5","F Major","4","2023-08-14","1u8c2t2Cy7UBoG4ArRcF5g","Big Machine Records, LLC","7B","","https://i.scdn.co/image/ab67616d0000485152b2a3824413eefe9e33817a","Low Popularity",59
"Style","Taylor Swift",1,2014,1,1,7830,42,"786181836",94,111,"151",4,"82",95,"D","Major",60,48,79,0,0,12,4,"482","91","95","pop","Pop","1989 (Deluxe)","2014-01-01","03:51","59","79","0","0","49","0","10","-6","G Major","4","2023-08-14","0ug5NqcwcFR2xrfTkc7k8e","Big Machine Records, LLC","9B","","https://i.scdn.co/image/ab67616d0000485152b2a3824413eefe9e33817a","Moderate Popularity",52
"I Ain't Worried","OneRepublic",1,2022,5,13,8431,76,"1085685420",241,127,"458",37,"332",140,"","Major",71,82,81,11,0,6,5,"36","93","140","piano rock, pop","Rock, Pop","I Ain’t Worried (Music From The Motion Picture Top Gun: Maverick)","2022-05-13","02:28","70","80","8","0","83","0","0","-6","C Major","4","2023-08-14","4h9wh7iOZ0GGn8QVp4RAOB","Interscope Records","8B","","https://i.scdn.co/image/ab67616d00004851ec96e006b8bdfc582610ec13","Low Popularity",80
"Another Love","Tom Odell",1,2012,10,15,18371,83,"1813673666",250,122,"3,394",19,"",123,"E","Minor",45,13,54,70,0,9,4,"23","91","123","chill pop","Pop","Long Way Down (Deluxe)","2013-06-24","04:04","45","54","70","0","13","0","0","-9","E Minor","4","2023-08-14","3JvKfv6T31zO0ini8iNItO","ITNO/Columbia","9A","https://p.scdn.co/mp3-preview/0369cb748bc968ffd34fb4ac60f5403f2aad032f?cid=0dd13485836e45ac9134860ee53d835f","https://i.scdn.co/image/ab67616d000048511917a0f3f4152622a040913f","Low Popularity",75
"Blinding Lights","The Weeknd",1,2019,11,29,43899,69,"3703895074",672,199,"3,421",20,"",171,"C#","Major",50,38,80,0,0,9,7,"27","92","171","canadian contemporary r&b, canadian pop, pop","R&B, Pop","After Hours","2020-03-20","03:20","51","73","0","0","33","0","0","-6","C♯/D♭ Major","4","2023-08-14","0VjIjW4GlUZAMYd2vXMi3b","Republic Records","3B","","https://i.scdn.co/image/ab67616d000048518863bc11d2aa12b54f5aeb36","High Popularity",96
"La Bachata","Manuel Turizo",1,2022,5,26,6804,45,"1214083358",139,111,"161",15,"210",125,"G","Minor",84,85,68,58,0,22,4,"38","88","125","colombian pop, reggaeton, reggaeton colombiano, trap latino, urbano latino","Pop, Latin","La Bachata","2022-05-26","02:42","84","68","58","0","85","0","20","-5","G Minor","4","2023-08-14","5ww2BF9slyYgNOk37BlC4u","Sony Music Latin/La Industria","6A","https://p.scdn.co/mp3-preview/0232b53fd7849e6696e1ab3099dd01dd00823f17?cid=0dd13485836e45ac9134860ee53d835f","https://i.scdn.co/image/ab67616d00004851c9f744b0d62da795bc21d04a","Low Popularity",57
"Heat Waves","Glass Animals",1,2020,6,28,22543,63,"2557975762",386,144,"707",28,"",81,"B","Major",76,53,53,44,0,9,9,"2","91","81","gauze pop, indietronica, modern rock, pov: indie, shiver pop","Pop, Rock","Dreamland","2020-08-07","03:58","76","53","44","0","53","0","0","-7","B Major","4","2023-08-14","3USxtqRwSYz57Ewm6wWRMp","Polydor Records","1B","","https://i.scdn.co/image/ab67616d00004851712701c5e263efc8726b1464","High Popularity",78
"Sweater Weather","The Neighbourhood",1,2012,5,14,16413,61,"2282771485",166,87,"1,056",1,"",124,"A#","Major",61,41,81,5,2,10,3,"21","91","124","modern alternative rock, modern rock, pop","Rock, Pop","I Love You.","2013-04-19","04:00","61","81","5","2","40","0","10","-3","A#/B♭ Major","4","2023-08-14","2QjOHCTQ1Jl3zawyYOpxh6","Columbia","6B","https://p.scdn.co/mp3-preview/877602f424a9dea277b13301ffc516f9fd1fbe7e?cid=0dd13485836e45ac9134860ee53d835f","https://i.scdn.co/image/ab67616d000048518265a736a1eb838ad5a0b921","High Popularity",50
"Viva La Vida","Coldplay",1,2008,1,1,33898,62,"1592909789",233,0,"4,095",9,"0",138,"F","Minor",49,42,62,9,0,11,3,"880","89","138","permanent wave, pop","Rock, Pop","Viva La Vida or Death and All His Friends","2008-05-26","04:02","49","62","10","0","42","0","10","-7","F Minor","4","2023-08-14","1mea3bSkSGXuIRvnydlB5b","Parlophone UK","4A","https://p.scdn.co/mp3-preview/fb9f4a9b0887326776b4fb7c6d331acd167a7778?cid=0dd13485836e45ac9134860ee53d835f","https://i.scdn.co/image/ab67616d00004851e21cc1db05580b6f2d2a3b6e","Low Popularity",24
"Riptide","Vance Joy",1,1975,1,1,31123,55,"2009094673",300,65,"1,003",1,"0",102,"C#","Major",48,50,73,43,0,15,4,"553","86","102","folk-pop, modern rock","Pop, Rock","Dream Your Life Away","2014-09-08","03:24","48","73","43","0","51","0","10","-7","C♯/D♭ Major","4","2023-08-14","7yq4Qj7cqayVTp3FF9CWbm","F-Stop Records/Atlantic","3B","https://p.scdn.co/mp3-preview/74698d907d114f4ba0b2c129bbf260724be80b64?cid=0dd13485836e45ac9134860ee53d835f","https://i.scdn.co/image/ab67616d00004851d3ce97395ff522b0d70c1094","Moderate Popularity",40
"Someone You Loved","Lewis Capaldi",1,2018,11,8,17836,53,"2887241814",440,125,"1,800",0,"",110,"C#","Major",50,45,41,75,0,11,3,"58","90","110","pop, uk pop","Pop","Divinely Uninspired To A Hellish Extent","2019-05-17","03:02","50","41","75","0","45","0","10","-6","C♯/D♭ Major","4","2023-08-14","7qEHsqek33rTcFNT9PFqLf","Vertigo Berlin","3B","","https://i.scdn.co/image/ab67616d00004851fc2101e6889d6ce9025f85f2","Moderate Popularity",59
"Lover","Taylor Swift",1,2012,1,1,8448,23,"882831184",160,110,"163",0,"5",206,"G","Major",43,50,55,50,0,15,10,"184","91","69","pop","Pop","Lover","2019-08-23","03:41","36","54","49","0","45","0","10","-8","G Major","4","2023-08-14","1dGr1c8CrMLDpV6mPbImSI","Taylor Swift","9B","","https://i.scdn.co/image/ab67616d00004851e787cffec20aa2a396a61647","Moderate Popularity",44
"Mockingbird","Eminem",1,2004,1,1,12985,61,"1241559043",49,98,"2,394",5,"204",84,"E","Minor",62,24,67,21,0,13,28,"1099","90","84","detroit hip hop, hip hop, rap","Hip Hop","Encore (Deluxe Version)","2004-11-12","04:10","64","68","21","0","25","20","10","-4","C Major","4","2023-08-14","561jH07mF1jHuk7KlaeF0s","Aftermath","8B","","https://i.scdn.co/image/ab67616d00004851726d48d93d02e1271774f023","Low Popularity",55
"Dandelions","Ruth B.",1,2017,4,28,3423,21,"1116995633",41,100,"59",1,"32",117,"C#","Major",61,45,69,2,0,9,3,"33","90","117","alt z, canadian contemporary r&b, canadian pop, pop","Pop, R&B","Safe Haven","2017-05-05","03:53","61","69","2","0","45","0","0","-3","C♯/D♭ Major","3","2023-08-14","2eAvDnpXP5W0cVtiI0PUxV","Columbia","3B","https://p.scdn.co/mp3-preview/3e55602bc286bc1fad9347931327e649ff9adfa1?cid=0dd13485836e45ac9134860ee53d835f","https://i.scdn.co/image/ab67616d0000485197e971f3e53475091dc8d707","Low Popularity",41
"Set Fire to the Rain","Adele",1,2011,1,1,14739,43,"1163620694",88,112,"2,163",5,"519",108,"D","Minor",61,47,68,0,0,13,3,"782","87","108","british soul, pop, pop soul, uk pop","R&B, Pop","21","2011-01-24","04:02","60","67","0","0","45","0","10","-4","D Minor","4","2023-08-14","3di5hcvxxciiqwMH1jarhY","XL Recordings","7A","https://p.scdn.co/mp3-preview/6fc68c105e091645376471727960d2ba3cd0ee01?cid=0dd13485836e45ac9134860ee53d835f","https://i.scdn.co/image/ab67616d00004851164feb363334f93b6458d2a9","Low Popularity",53
"Watermelon Sugar","Harry Styles",1,2019,11,17,21915,34,"2322580122",437,115,"1,212",12,"",95,"","Major",55,56,82,12,0,34,5,"43","90","95","pop","Pop","Fine Line","2019-12-13","02:54","55","82","12","0","56","0","30","-4","C Major","4","2023-08-14","6UelLqGlWMcVH1E5c4H7lY","Columbia","8B","https://p.scdn.co/mp3-preview/824cd58da2e9a15eeaaa6746becc09093547a09b?cid=0dd13485836e45ac9134860ee53d835f","https://i.scdn.co/image/ab67616d0000485177fdcfda6535601aff081b6a","Moderate Popularity",54
"Perfect","Ed Sheeran",1,2017,1,1,16596,13,"2559529074",7,0,"2,094",0,"0",95,"G#","Major",60,17,45,16,0,11,2,"296","90","95","pop, singer-songwriter pop, uk pop","Pop","÷ (Deluxe)","2017-03-03","04:23","60","45","16","0","17","0","10","-6","G#/A♭ Major","3","2023-08-14","0tgVpDi06FyKpA1z0VMD4v","Atlantic Records UK","4B","https://p.scdn.co/mp3-preview/4e30857a3c7da3f8891483643e310bb233afadd2?cid=0dd13485836e45ac9134860ee53d835f","https://i.scdn.co/image/ab67616d00004851ba5db46f4b838ef6027e6f96","Moderate Popularity",4
"Believer","Imagine Dragons",1,2017,1,31,18986,23,"2594040133",250,121,"2,969",10,"31",125,"A#","Minor",77,74,78,4,0,23,11,"303","90","125","modern rock, pop, rock","Rock, Pop","Evolve","2017-06-23","03:24","78","78","6","0","67","10","0","-4","A#/B♭ Minor","4","2023-08-14","0pqnGHJpmpxLKifKRmU6WP","Kid Ina Korner / Interscope","3A","","https://i.scdn.co/image/ab67616d000048515675e83f707f1d7271e5cf8a","Moderate Popularity",51
"Without Me","Eminem",1,2002,1,1,21081,43,"1687664027",98,76,"3,889",5,"0",112,"G","Major",92,67,66,0,0,36,9,"1348","90","112","detroit hip hop, hip hop, rap","Hip Hop","The Eminem Show","2002-05-26","04:50","91","67","0","0","66","0","20","-3","G Major","4","2023-08-14","7lQ8MOhq6IN2w8EYcFNSUk","Aftermath","9B","","https://i.scdn.co/image/ab67616d000048516ca5c90113b30c3c43ffb8f4","Low Popularity",41
"Somewhere Only We Know","Keane",1,2004,1,1,20015,16,"1089402494",107,69,"5,239",0,"558",172,"A","Major",45,33,59,6,0,8,3,"1193","87","172","neo mellow, piano rock, pop rock","Folk/Acoustic, Rock","Hopes And Fears","2004-05-10","03:57","45","67","6","0","30","0","0","-4","A Major","4","2023-08-14","1SKPmfSYaPsETbRHaiA18G","Universal-Island Records Ltd.","11B","","https://i.scdn.co/image/ab67616d000048517d6cd95a046a3c0dacbc7d33","Low Popularity",28
"Counting Stars","OneRepublic",1,2013,1,1,29215,43,"2011464183",179,97,"3,394",11,"153",122,"C#","Minor",66,48,71,6,0,12,4,"517","64","122","piano rock, pop","Rock, Pop","Native","2014-01-01","04:17","66","71","7","0","48","0","10","-5","C♯/D♭ Minor","4","2023-08-14","1QzFhzIOW7CyRJLpmq5CM0","Mosley / Interscope","12A","","https://i.scdn.co/image/ab67616d000048516f91180b662ca15ad2fb88f0","Moderate Popularity",50
"Ghost","Justin Bieber",1,2021,3,19,5866,24,"1167330737",107,38,"95",0,"",154,"D","Major",61,41,74,21,0,40,6,"14","88","154","canadian pop, pop","Pop","Justice","2021-03-19","02:33","60","74","19","0","44","0","40","-6","D Major","4","2023-08-14","6I3mqTwhRpn34SLVafSH7G","RBMG/Def Jam","10B","","https://i.scdn.co/image/ab67616d00004851e6f407c7f3a0ec98845e4431","Low Popularity",21
"Gasolina","Daddy Yankee",1,2004,7,13,6457,18,"657723613",98,95,"453",0,"454",96,"","Major",86,74,80,33,0,8,6,"1219","87","96","latin hip hop, reggaeton, trap latino, urbano latino","Hip Hop, Latin","Barrio Fino (Bonus Track Version)","2004-07-13","03:12","85","80","32","0","74","0","0","-7","C Major","4","2023-08-14","228BxWXUYQPJrJYHDLOHkj","Gasolina Recording Co.","8B","https://p.scdn.co/mp3-preview/7c545be6847f3a6b13c4ad9c70d10a34f49a92d3?cid=0dd13485836e45ac9134860ee53d835f","https://i.scdn.co/image/ab67616d000048516bdcdf82ecce36bff808a40c","Moderate Popularity",38
"Sure Thing","Miguel",1,2010,5,25,13801,19,"950906471",137,125,"435",6,"285",81,"B","Minor",68,51,60,3,0,19,10,"812","89","81","r&b","R&B","All I Want Is You","2010-11-26","03:15","68","61","3","0","50","10","10","-8","B Minor","4","2023-08-14","0JXXNGljqupsJaZsgSbMZV","Jive","10A","https://p.scdn.co/mp3-preview/d337faa4bb71c8ac9a13998be64fbb0d7d8b8463?cid=0dd13485836e45ac9134860ee53d835f","https://i.scdn.co/image/ab67616d00004851d5a8395b0d80b8c48a5d851c","Moderate Popularity",50
"Let Me Down Slowly","Alec Benjamin",1,2018,5,25,5897,19,"1374581173",0,0,"885",0,"0",150,"C#","Minor",65,51,55,73,0,14,3,"124","88","150","alt z, pop, pov: indie","Pop","Narrated For You","2018-11-16","02:49","65","56","74","0","48","0","10","-6","C♯/D♭ Minor","4","2023-08-14","2qxmye6gAegTMjLKEBoR3d","2018","12A","https://p.scdn.co/mp3-preview/19007111a4e21096bcefef77842d7179f0cdf12a?cid=0dd13485836e45ac9134860ee53d835f","https://i.scdn.co/image/ab67616d00004851459d675aa0b6f3b211357370","Low Popularity",6
"Shake It Off","Taylor Swift",1,2014,1,1,21335,13,"1113838873",328,70,"1,378",9,"20",160,"G","Major",65,95,80,5,0,41,16,"556","87","160","pop","Pop","1989 (Deluxe)","2014-01-01","03:39","65","80","6","0","94","10","30","-5","G Major","4","2023-08-14","0cqRj7pUJDkTCEsJkx8snD","Big Machine Records, LLC","9B","","https://i.scdn.co/image/ab67616d0000485152b2a3824413eefe9e33817a","Low Popularity",31
"Shape of You","Ed Sheeran",1,2017,1,6,32181,10,"3562543890",33,0,"6,808",7,"0",96,"C#","Minor",83,93,65,58,0,9,8,"287","89","96","pop, singer-songwriter pop, uk pop","Pop","÷ (Deluxe)","2017-03-03","03:53","83","65","58","0","93","0","0","-3","C♯/D♭ Minor","4","2023-08-14","7qiZfU4dY1lWllzX7mPBI3","Atlantic Records UK","12A","https://p.scdn.co/mp3-preview/7339548839a263fd721d01eb3364a848cad16fa7?cid=0dd13485836e45ac9134860ee53d835f","https://i.scdn.co/image/ab67616d00004851ba5db46f4b838ef6027e6f96","Moderate Popularity",6
"Circles","Post Malone",1,2019,8,30,19664,16,"2132335812",391,73,"633",3,"37",120,"","Major",70,59,75,24,0,9,4,"61","89","120","dfw rap, melodic rap, pop, rap","Hip Hop, Pop","Hollywood's Bleeding","2019-09-06","03:35","70","76","19","0","55","0","0","-3","C Major","4","2023-08-14","21jGcNKet2qwijlDFuPiPb","Republic Records","8B","","https://i.scdn.co/image/ab67616d000048519478c87599550dd73bfa7e02","Moderate Popularity",31
"Take Me To Church","Hozier",1,2013,9,13,23804,31,"2135158446",187,99,"4,623",1,"0",129,"E","Minor",57,41,66,63,0,12,5,"419","85","129","irish singer-songwriter, modern rock, pop, pov: indie","Folk/Acoustic, Rock, Pop","Hozier","2014-07-20","04:01","57","66","63","0","44","0","10","-5","E Minor","4","2023-08-14","3dYD57lRAUcMHufyqn9GcI","Universal-Island Records Ltd.","9A","","https://i.scdn.co/image/ab67616d000048517a9bf5f82e32d33d4503fe7b","Moderate Popularity",44
"Efecto","Bad Bunny",1,2022,5,6,4004,33,"1047480053",34,65,"43",6,"2",98,"G","Minor",80,23,48,14,0,6,5,"13","88","98","reggaeton, trap latino, urbano latino","Latin","Un Verano Sin Ti","2022-05-06","03:33","80","48","14","0","23","0","0","-9","G Minor","4","2023-08-14","5Eax0qFko2dh7Rl2lYs3bx","Rimas Entertainment LLC","6A","https://p.scdn.co/mp3-preview/a622a47c8df98ef72676608511c0b2e1d5d51268?cid=0dd13485836e45ac9134860ee53d835f","https://i.scdn.co/image/ab67616d0000485149d694203245f241a1bcaa72","Low Popularity",35
"Until I Found You","Stephen Sanchez",1,2021,9,1,4427,4,"726434358",69,100,"154",20,"438",202,"A#","Major",34,25,51,69,0,18,4,"47","84","101","gen z singer-songwriter","","Until I Found You","2021-09-01","02:57","54","51","73","0","23","0","10","-6","A#/B♭ Major","3","2023-08-14","0T5iIrXA4p5GsubkhuBIKV","Republic Records","6B","","https://i.scdn.co/image/ab67616d000048518792c3e96f8ab97a767c5d0c","Moderate Popularity",41
"Easy On Me","Adele",1,2021,10,14,10195,20,"1406111294",258,87,"657",22,"9",142,"F","Major",60,13,37,58,0,13,3,"18","84","142","british soul, pop, pop soul, uk pop","R&B, Pop","Easy On Me","2021-10-14","03:44","60","37","58","0","13","0","10","-8","F Major","4","2023-08-14","0gplL1WMoJ6iYaPgMCL0gX","Columbia","7B","https://p.scdn.co/mp3-preview/a0cd8077c79a4aa3dcaa68bbc5ecdeda46e8d13f?cid=0dd13485836e45ac9134860ee53d835f","https://i.scdn.co/image/ab67616d0000485150dba34377a595e35f81b0e4","Low Popularity",43
"The Real Slim Shady","Eminem",1,2000,1,1,20763,27,"1424589568",81,53,"3,271",1,"17",104,"F","Minor",95,78,66,3,0,4,6,"1547","88","105","detroit hip hop, hip hop, rap","Hip Hop","The Marshall Mathers LP","2000-05-23","04:44","95","66","3","0","76","0","0","-4","F Minor","4","2023-08-14","3yfqSUWxFvZELEM4PmlwIR","Interscope","4A","","https://i.scdn.co/image/ab67616d00004851dbb3dd82da45b7d7f31b1b42","Low Popularity",27
"Glimpse of Us","Joji",1,2022,6,10,6330,6,"988515741",109,42,"158",3,"31",170,"G#","Major",44,27,32,89,0,14,5,"15","85","170","viral pop","Pop","Glimpse of Us","2022-06-10","03:53","44","32","89","0","27","0","10","-9","G#/A♭ Major","3","2023-08-14","6xGruZOHLs39ZbVccQTuPZ","88rising Music/Warner Records","4B","https://p.scdn.co/mp3-preview/12e4a7ef3f1051424e6e282dfba83fe8448e122f?cid=0dd13485836e45ac9134860ee53d835f","https://i.scdn.co/image/ab67616d0000485108596cc28b9f5b00bfe08ae7","Moderate Popularity",17
"Shivers","Ed Sheeran",1,2021,9,9,10147,30,"1302184087",234,71,"543",18,"",141,"D","Major",79,82,86,28,0,4,9,"17","87","141","pop, singer-songwriter pop, uk pop","Pop","=","2021-10-29","03:27","79","86","28","0","82","0","0","-3","D Major","4","2023-08-14","50nfwKoDiSYg8zOCREWAm5","Atlantic Records UK","10B","https://p.scdn.co/mp3-preview/08cec59d36ac30ae9ce1e2944f206251859844af?cid=0dd13485836e45ac9134860ee53d835f","https://i.scdn.co/image/ab67616d00004851ef24c3fdbf856340d55cfeb2","Low Popularity",40
"Call Out My Name","The Weeknd",1,2018,3,29,11087,6,"1449799467",151,107,"801",1,"105",134,"C#","Major",45,17,60,21,0,33,4,"277","88","134","canadian contemporary r&b, canadian pop, pop","R&B, Pop","My Dear Melancholy,","2018-03-30","03:48","46","59","17","0","18","0","30","-5","C♯/D♭ Major","3","2023-08-14","09mEdoA6zrmBPgTEN5qXmN","Universal Republic Records","3B","","https://i.scdn.co/image/ab67616d000048511f6a2a40bb692936879db730","Low Popularity",38
"Late Night Talking","Harry Styles",1,2022,5,20,7461,8,"743693613",166,42,"199",16,"58",115,"A#","Major",71,90,73,30,0,11,5,"46","87","115","pop","Pop","Harry's House","2022-05-20","02:57","71","73","30","0","90","0","10","-5","A#/B♭ Major","4","2023-08-14","1qEmFfgcLObUfQm0j1W2CK","Columbia","6B","https://p.scdn.co/mp3-preview/50f056e2ab4a1bef762661dbbf2da751beeffe39?cid=0dd13485836e45ac9134860ee53d835f","https://i.scdn.co/image/ab67616d000048512e8ed79e177ff6011076f5f0","Moderate Popularity",22
"I Love You So","The Walters",1,2014,11,28,7536,7,"972164968",44,19,"135",0,"6",76,"A#","Major",58,46,67,65,0,13,4,"40","88","76","chicago indie, pov: indie","Rock, Pop","I Love You So","2014-11-28","02:40","57","65","58","0","47","0","10","-5","A#/B♭ Major","4","2023-08-14","4SqWKzw0CbA05TGszDgMlc","Warner Records","6B","https://p.scdn.co/mp3-preview/83919b3d62a4ae352229c0a779e8aa0c1b2f4f40?cid=0dd13485836e45ac9134860ee53d835f","https://i.scdn.co/image/ab67616d000048519214ff0109a0e062f8a6cf0f","Moderate Popularity",9
"The Hills","The Weeknd",1,2015,5,27,25744,4,"1947371785",122,94,"1,992",0,"18",136,"","Minor",36,12,57,9,0,14,8,"462","88","113","canadian contemporary r&b, canadian pop, pop","R&B, Pop","Beauty Behind The Madness","2015-08-28","04:02","59","56","7","0","14","0","10","-7","C Minor","4","2023-08-14","7fBv7CLKzipRk6EC6TWHOB","Universal Republic Records","5A","","https://i.scdn.co/image/ab67616d000048517fcead687e99583072cc217b","Low Popularity",33
"Numb","Linkin Park",1,2003,3,24,20111,5,"1361425037",39,0,"7,341",0,"0",110,"A","Major",50,24,86,0,0,64,4,"1169","87","110","alternative metal, nu metal, post-grunge, rap metal, rock","Metal, Rock","Meteora","2003-03-24","03:05","50","86","0","0","24","0","60","-4","A Major","4","2023-08-14","2nLtzopw4rPReszdYBJU6h","Warner Records","11B","https://p.scdn.co/mp3-preview/15e1178c9eb7f626ac1112ad8f56eccbec2cd6e5?cid=0dd13485836e45ac9134860ee53d835f","https://i.scdn.co/image/ab67616d00004851b4ad7ebaf4575f120eb3f193","Low Popularity",2
"About Damn Time","Lizzo",1,2022,7,15,2332,2,"723894473",0,0,"25",0,"0",109,"A#","Minor",84,72,74,10,0,34,7,"34","80","109","escape room, minnesota hip hop, pop, trap queen","Pop, Hip Hop, R&B","About Damn Time","2022-04-14","03:11","84","74","10","0","72","0","30","-6","A#/B♭ Minor","4","2023-08-14","1PckUlxKqWQs3RlWXVBLw3","Nice Life/Atlantic","3A","https://p.scdn.co/mp3-preview/bbf8a26d38f7d8c7191dd64bd7c21a4cec8b61a0?cid=0dd13485836e45ac9134860ee53d835f","https://i.scdn.co/image/ab67616d00004851b817e721691aff3d67f26c04","Moderate Popularity",1
"Moscow Mule","Bad Bunny",1,2022,5,6,4572,33,"909001996",74,113,"85",9,"2",100,"F","Minor",80,29,67,29,0,12,3,"16","86","100","reggaeton, trap latino, urbano latino","Latin","Un Verano Sin Ti","2022-05-06","04:05","80","67","29","0","29","0","10","-5","F Minor","4","2023-08-14","6Xom58OOXk2SoU711L2IXO","Rimas Entertainment LLC","4A","https://p.scdn.co/mp3-preview/77b12f38abcff65705166d67b5657f70cd890635?cid=0dd13485836e45ac9134860ee53d835f","https://i.scdn.co/image/ab67616d0000485149d694203245f241a1bcaa72","Moderate Popularity",52
"Don't Start Now","Dua Lipa",1,2019,10,31,27119,0,"2303033973",532,77,"1,535",3,"8",124,"B","Minor",79,68,79,1,0,10,8,"54","84","124","dance pop, pop, uk pop","Pop","Future Nostalgia","2020-03-27","03:03","79","79","1","0","68","0","10","-5","B Minor","4","2023-08-14","3PfIrDoz19wz7qK7tYeu62","Warner Records","10A","https://p.scdn.co/mp3-preview/cfc6684fc467e40bb9c7e6da2ea1b22eeccb211c?cid=0dd13485836e45ac9134860ee53d835f","https://i.scdn.co/image/ab67616d00004851bd26ede1ae69327010d49946","Moderate Popularity",27
"Don't Start Now","Dua Lipa",1,2019,10,31,27119,0,"2303033973",532,77,"1,535",3,"8",124,"B","Minor",79,68,79,1,0,10,8,"118","79","124","dance pop, pop, uk pop","Pop","Don't Start Now","2019-10-31","03:03","79","79","1","0","68","0","10","-5","B Minor","4","2023-08-14","6WrI0LAC5M1Rw2MnX2ZvEg","Warner Records","10A","https://p.scdn.co/mp3-preview/87258da8a9eb8d0a0d53071e06612955e6d3b28f?cid=0dd13485836e45ac9134860ee53d835f","https://i.scdn.co/image/ab67616d000048518583df1a14bea9175f9ac520","Moderate Popularity",27
"Yonaguni","Bad Bunny",1,2021,6,4,9644,28,"1260594497",120,86,"164",4,"0",180,"C#","Major",64,44,65,28,0,14,12,"49","84","180","reggaeton, trap latino, urbano latino","Latin","Yonaguni","2021-06-04","03:26","64","65","28","0","44","10","10","-5","C♯/D♭ Major","4","2023-08-14","2JPLbjOn0wPCngEot2STUS","Rimas Entertainment LLC","3B","https://p.scdn.co/mp3-preview/cbade9b0e669565ac8c7c07490f961e4c471b9ee?cid=0dd13485836e45ac9134860ee53d835f","https://i.scdn.co/image/ab67616d0000485164afd6879102d03460bd3ad9","Low Popularity",39
"Running Up That Hill (A Deal With God)","Kate Bush",1,1985,9,16,21811,0,"1024858327",117,1,"676",3,"0",108,"A#","Minor",63,20,55,72,0,6,6,"10","86","108","art pop, art rock, baroque pop, new wave pop, permanent wave, piano rock, singer-songwriter","Pop, Rock, Folk/Acoustic","Hounds Of Love","1985-09-16","04:58","63","55","72","0","19","0","0","-13","A#/B♭ Minor","4","2023-08-14","1PtQJZVZIdWIYdARpZRDFO","Fish People","3A","https://p.scdn.co/mp3-preview/861d26b52ece3e3ad72a7dc3463daece3478801a?cid=0dd13485836e45ac9134860ee53d835f","https://i.scdn.co/image/ab67616d00004851ad08f4b38efbff0c0da0f252","Low Popularity",1
"Bad Habits","Ed Sheeran",1,2020,9,3,12755,8,"1555511105",344,97,"945",15,"",126,"B","Minor",81,59,90,5,0,36,3,"30","86","126","pop, singer-songwriter pop, uk pop","Pop","=","2021-10-29","03:50","81","89","5","0","54","0","30","-4","B Minor","4","2023-08-14","3rmo8F54jFF8OgYsqTxm5d","Atlantic Records UK","10A","https://p.scdn.co/mp3-preview/22f3a86c8a83e364db595007f9ac1d666596a335?cid=0dd13485836e45ac9134860ee53d835f","https://i.scdn.co/image/ab67616d00004851ef24c3fdbf856340d55cfeb2","Low Popularity",40
"Woman","Doja Cat",1,2021,6,25,9424,0,"1329090101",202,50,"463",4,"",108,"F","Minor",82,88,76,9,0,12,9,"20","86","108","dance pop, pop","Pop","Planet Her","2021-06-25","02:52","82","76","9","0","88","0","10","-4","F Minor","4","2023-08-14","6Uj1ctrBOjOas8xZXGqKk4","Kemosabe Records/RCA Records","4A","https://p.scdn.co/mp3-preview/2ae0b61e45d9a5d6454a3e5ab75f8628dd89aa85?cid=0dd13485836e45ac9134860ee53d835f","https://i.scdn.co/image/ab67616d000048517acacbc45d78f1fb58cb6a4b","Low Popularity",18
"Pepas","Farruko",1,2021,6,24,14114,17,"1309887447",252,109,"965",20,"",130,"G","Major",76,44,77,1,0,13,3,"31","85","130","reggaeton, trap latino, urbano latino","Latin","Pepas","2021-06-24","04:47","76","77","1","0","44","0","10","-4","G Major","4","2023-08-14","5fwSHlTEWpluwOM0Sxnh5k","Sony Music Latin","9B","https://p.scdn.co/mp3-preview/d34fb702d404e62f9816de0af525a7e2786a2c00?cid=0dd13485836e45ac9134860ee53d835f","https://i.scdn.co/image/ab67616d000048514239a6aa89738d8f798168ad","Low Popularity",49
"Infinity","Jaymes Young",1,2017,6,23,4375,0,"888046992",24,0,"396",0,"0",122,"B","Minor",67,50,67,15,0,30,4,"41","83","122","indie poptimism","Pop","Feel Something","2017-06-23","03:57","67","67","15","0","49","0","30","-7","B Minor","4","2023-08-14","1SOClUWhOi8vHZYMz3GluK","Atlantic Records","10A","https://p.scdn.co/mp3-preview/2b30f2512af94d45733f5535ac48caa3b541c7f1?cid=0dd13485836e45ac9134860ee53d835f","https://i.scdn.co/image/ab67616d00004851a9897f65d1ead1be10a51e3f","Moderate Popularity",0
"good 4 u","Olivia Rodrigo",1,2021,5,14,15563,6,"1887039593",259,55,"461",1,"",166,"F#","Minor",56,68,66,28,0,11,18,"32","87","167","pop","Pop","SOUR","2021-05-21","02:58","56","66","34","0","69","10","0","-5","A Major","4","2023-08-14","4ZtFanR9U6ndgddUvNcjcG","Olivia Rodrigo PS","11B","","https://i.scdn.co/image/ab67616d00004851a91c10fe9472d9bd89802e5a","Low Popularity",21
"THATS WHAT I WANT","Lil Nas X",1,2021,9,17,7963,0,"920797189",173,7,"298",0,"4",88,"C#","Minor",74,55,85,1,0,5,22,"35","84","88","lgbtq+ hip hop","Hip Hop","MONTERO","2021-09-17","02:23","74","85","1","0","55","20","0","-5","C♯/D♭ Minor","4","2023-08-14","0e8nrvls4Qqv5Rfa2UhqmO","Columbia","12A","https://p.scdn.co/mp3-preview/f6958f897e3817fcbb6647d62f66c71ee96d1981?cid=0dd13485836e45ac9134860ee53d835f","https://i.scdn.co/image/ab67616d00004851be82673b5f79d9658ec0a9fd","Moderate Popularity",2
"Dynamite","BTS",1,2020,8,21,8528,5,"1692897992",239,163,"583",0,"",114,"F#","Minor",75,74,77,1,0,9,10,"81","83","114","k-pop, k-pop boy group, pop","Pop","BE","2020-11-20","03:19","75","77","1","0","74","10","0","-4","F#/G♭ Minor","4","2023-08-14","5QDLhrAOJJdNAmCTJ8xMyW","BIGHIT MUSIC","11A","https://p.scdn.co/mp3-preview/98e266fea9df84fa3e5ca84934c513211e89489b?cid=0dd13485836e45ac9134860ee53d835f","https://i.scdn.co/image/ab67616d00004851c07d5d2fdc02ae252fcd07e5","Low Popularity",56
"Daddy Issues","The Neighbourhood",1,2015,10,30,9771,4,"1127468248",42,70,"384",0,"3",85,"A#","Major",59,33,52,7,15,12,3,"460","86","85","modern alternative rock, modern rock, pop","Rock, Pop","Wiped Out!","2015-10-30","04:20","59","52","7","15","34","0","10","-9","A#/B♭ Major","4","2023-08-14","5E30LdtzQTGqRvNd7l6kG5","Columbia","6B","https://p.scdn.co/mp3-preview/d79918fba2888bf825a5edc938ce1f79ed12ff7b?cid=0dd13485836e45ac9134860ee53d835f","https://i.scdn.co/image/ab67616d000048513066581d697fbdee4303d685","Low Popularity",25
"Before You Go","Lewis Capaldi",1,2019,11,1,8327,24,"1608045237",205,130,"625",0,"25",112,"D#","Major",45,19,60,63,0,9,6,"65","86","112","pop, uk pop","Pop","Divinely Uninspired To A Hellish Extent (Extended Edition)","2019-11-22","03:35","46","57","60","0","18","0","0","-5","D#/E♭ Major","4","2023-08-14","2gMXnyrvIjhVBUZwvLZDMP","Vertigo Berlin","5B","","https://i.scdn.co/image/ab67616d000048517b9639babbe96e25071ec1d4","Low Popularity",51
"Rolling in the Deep","Adele",1,2010,11,29,35684,6,"1472799873",195,125,"6,280",2,"78",105,"G#","Major",73,52,76,13,0,5,3,"722","83","105","british soul, pop, pop soul, uk pop","R&B, Pop","21","2011-01-24","03:48","73","77","14","0","51","0","0","-5","G#/A♭ Major","4","2023-08-14","4OSBTYWVwsQhGLF9NHvIbR","XL Recordings","4B","https://p.scdn.co/mp3-preview/d2d7e717c72a4fa08b3a8b22722c7369e8aa587d?cid=0dd13485836e45ac9134860ee53d835f","https://i.scdn.co/image/ab67616d00004851164feb363334f93b6458d2a9","Low Popularity",44
"Bored","Billie Eilish",1,2017,3,30,4204,0,"777765388",39,45,"250",0,"0",120,"G","Major",60,11,33,90,0,8,5,"373","84","120","art pop, electropop, pop","Pop","Bored","2017-03-30","03:00","61","32","90","0","11","0","0","-13","G Major","4","2023-08-14","04sN26COy28wTXYj3dMoiZ","Darkroom","9B","","https://i.scdn.co/image/ab67616d00004851e0f2af91be409aad81bba98c","Moderate Popularity",15
"The Nights","Avicii",1,2014,1,1,17354,8,"1456081449",92,122,"1,282",0,"55",126,"F#","Major",53,66,85,2,0,24,4,"450","88","126","edm, pop, pop dance","Electronic, Pop","The Days / Nights","2014-01-01","02:56","53","84","2","0","65","0","20","-5","F#/G♭ Major","4","2023-08-14","0ct6r3EGTcMLPtrXHDvVjc","Universal Music AB","2B","","https://i.scdn.co/image/ab67616d000048510ae4f4d42e4a09f3a29f64ad","Low Popularity",43
"Lucid Dreams","Juice WRLD",1,2017,6,15,14749,0,"2288695111",188,34,"710",0,"5",84,"B","Minor",44,22,48,38,0,33,24,"94","86","84","chicago rap, melodic rap, rap","Hip Hop","Goodbye & Good Riddance","2018-12-10","03:59","51","57","35","0","22","20","30","-7","F#/G♭ Minor","4","2023-08-14","285pBltuF7vW8TeWk8hdRR","Juice WRLD Mixtape / ISR P&D","11A","","https://i.scdn.co/image/ab67616d00004851f7db43292a6a99b21b51d5b4","Moderate Popularity",11
"All of Me","John Legend",1,2013,8,1,27221,0,"2086124197",308,118,"4,534",2,"77",120,"G#","Major",42,33,26,92,0,13,3,"589","87","120","neo soul, pop, pop soul, urban contemporary","R&B, Pop, Hip Hop","Love In The Future (Expanded Edition)","2013-08-30","04:29","42","26","92","0","33","0","10","-7","G#/A♭ Major","4","2023-08-14","3U4isOIWM3VvDubwSI3y7a","G.O.O.D. Music/Columbia","4B","https://p.scdn.co/mp3-preview/29f542e5e8b4b6bb7e4e71a52bc3ff35b6b962ad?cid=0dd13485836e45ac9134860ee53d835f","https://i.scdn.co/image/ab67616d0000485194c9217a398f5174757c0c78","Moderate Popularity",40
"Mr. Brightside","The Killers",1,2003,9,23,51979,15,"1806617704",306,99,"5,063",2,"120",148,"C#","Major",35,24,93,0,0,10,8,"1166","87","148","alternative rock, dance rock, modern rock, permanent wave, rock","Rock","Hot Fuss","2004","03:42","35","91","0","0","24","0","10","-5","C♯/D♭ Major","4","2023-08-14","003vvx7Niy0yvhvHt4a68B","Island Records","3B","","https://i.scdn.co/image/ab67616d00004851ccdddd46119a4ff53eaf1f5d","Low Popularity",39
"Memories","Maroon 5",1,2019,9,20,9974,2,"1759567999",272,67,"1,066",1,"19",91,"B","Major",77,60,32,84,0,8,5,"67","86","91","pop","Pop","JORDI (Deluxe)","2021-06-11","03:09","78","33","84","0","60","0","0","-7","B Major","4","2023-08-14","4cktbXiXOapiLBMprHFErI","Interscope Records*","1B","","https://i.scdn.co/image/ab67616d0000485186a8ab515de4b7aef28cd631","Low Popularity",23
"In Da Club","50 Cent",1,2002,1,1,30427,7,"1202722675",235,106,"5,221",1,"35",90,"F#","Minor",90,79,71,26,0,7,37,"1254","84","90","east coast hip hop, gangster rap, hip hop, pop rap, queens hip hop, rap","Hip Hop","Get Rich Or Die Tryin'","2003-02-06","03:13","90","71","26","0","78","30","0","-3","F#/G♭ Minor","4","2023-08-14","7iL6o9tox1zgHpKUfh9vuC","Shady Records","11A","","https://i.scdn.co/image/ab67616d00004851d843fabb75fef14010e30cae","Low Popularity",38
"HUMBLE.","Kendrick Lamar",1,2017,3,30,33206,1,"1929770265",284,114,"1,481",0,"5",150,"C#","Minor",91,42,60,0,0,9,12,"350","86","150","conscious hip hop, hip hop, rap, west coast rap","Hip Hop","DAMN.","2017-04-14","02:57","91","62","0","0","42","10","10","-7","C♯/D♭ Minor","4","2023-08-14","7KXjTSCq5nL1LoYtL7XAwS","Aftermath","12A","","https://i.scdn.co/image/ab67616d000048518b52c6b9bc4e43d873869699","Low Popularity",38
"Adore You","Harry Styles",1,2019,12,6,13454,1,"1439191367",246,71,"519",2,"5",99,"G#","Major",68,57,77,2,0,10,5,"70","86","99","pop","Pop","Fine Line","2019-12-13","03:27","68","77","2","0","57","0","10","-4","G#/A♭ Major","4","2023-08-14","3jjujdWJ72nww5eGnfs2E7","Columbia","4B","https://p.scdn.co/mp3-preview/a42d5e9f6f5c3375db9723bb2356239351eead31?cid=0dd13485836e45ac9134860ee53d835f","https://i.scdn.co/image/ab67616d0000485177fdcfda6535601aff081b6a","Low Popularity",25
"Bohemian Rhapsody - Remastered 2011","Queen",1,1975,10,31,40112,3,"2197010679",321,162,"5,691",8,"17",71,"","Minor",41,23,40,27,0,30,5,"103","83","71","classic rock, glam rock, rock","Rock","A Night At The Opera (2011 Remaster)","1975-11-21","05:54","41","40","27","0","22","0","30","-10","C Minor","4","2023-08-14","4u7EnebtmKWzUH433cf5Qv","EMI","5A","","https://i.scdn.co/image/ab67616d00004851e319baafd16e84f0408af2a0","Moderate Popularity",58
"First Class","Jack Harlow",1,2022,4,8,8737,0,"694525298",163,32,"137",15,"12",107,"G#","Major",91,32,56,3,0,11,10,"26","82","107","deep underground hip hop, kentucky hip hop, pop rap, rap","Hip Hop","Come Home The Kids Miss You","2022-05-06","02:53","90","58","11","0","33","10","10","-6","F Minor","4","2023-08-14","0wHFktze2PHC5jDt3B17DC","Generation Now/Atlantic","4A","https://p.scdn.co/mp3-preview/c05a687254dbdf50a9ab4879d85e54a7594e367f?cid=0dd13485836e45ac9134860ee53d835f","https://i.scdn.co/image/ab67616d000048518e55edb69ca44a25b52b17bb","Moderate Popularity",16
"Cool for the Summer","Demi Lovato",1,2015,1,1,9243,0,"677389855",155,5,"577",0,"6",114,"F","Minor",59,30,62,1,0,8,4,"438","80","114","pop, post-teen pop","Pop","Confident","2015-01-01","03:34","58","61","0","0","34","0","10","-6","F Minor","4","2023-08-14","3uwnnTQcHM1rDqSfA4gQNz","Hollywood Records","4A","","https://i.scdn.co/image/ab67616d00004851ed164cf1c10f028e8f528784","Moderate Popularity",2
"There's Nothing Holdin' Me Back","Shawn Mendes",1,2016,9,23,12382,0,"1714490998",229,57,"1,370",2,"71",122,"D","Major",86,97,80,36,0,9,6,"370","88","122","canadian pop, pop, viral pop","Pop","Illuminate (Deluxe)","2017-04-20","03:19","87","81","38","0","97","0","0","-4","B Minor","4","2023-08-14","7JJmb5XwzOO8jgpou264Ml","Island Records","10A","","https://i.scdn.co/image/ab67616d00004851ea3ef7697cfd5705b8f47521","Low Popularity",20
"Photograph","Ed Sheeran",1,2014,6,20,18778,3,"2236667932",228,105,"2,453",0,"84",108,"E","Major",61,20,38,61,0,10,5,"595","87","108","pop, singer-songwriter pop, uk pop","Pop","x (Deluxe Edition)","2014-06-21","04:18","61","38","61","0","20","0","10","-10","E Major","4","2023-08-14","1HNkqx9Ahdgi1Ixy2xkKkL","Atlantic Records UK","12B","https://p.scdn.co/mp3-preview/d90f4e5f15d8ed411307945560b1db8cca6b253b?cid=0dd13485836e45ac9134860ee53d835f","https://i.scdn.co/image/ab67616d0000485113b3e37318a0c247b550bccd","Moderate Popularity",36
"Love Yourself","Justin Bieber",1,2015,11,9,22730,5,"2123309722",289,87,"2,430",0,"36",100,"E","Major",61,53,38,84,0,28,44,"387","86","100","canadian pop, pop","Pop","Purpose (Deluxe)","2015-11-13","03:53","61","38","84","0","52","40","20","-10","E Major","4","2023-08-14","50kpGaPAhYJ3sGmk6vplg0","RBMG/Def Jam","12B","","https://i.scdn.co/image/ab67616d00004851f46b9d202509a8f7384b90de","Moderate Popularity",31
"About Damn Time","Lizzo",1,2022,4,14,9021,0,"723894473",242,49,"272",21,"24",109,"A#","Minor",84,72,74,10,0,34,7,"34","80","109","escape room, minnesota hip hop, pop, trap queen","Pop, Hip Hop, R&B","About Damn Time","2022-04-14","03:11","84","74","10","0","72","0","30","-6","A#/B♭ Minor","4","2023-08-14","1PckUlxKqWQs3RlWXVBLw3","Nice Life/Atlantic","3A","https://p.scdn.co/mp3-preview/bbf8a26d38f7d8c7191dd64bd7c21a4cec8b61a0?cid=0dd13485836e45ac9134860ee53d835f","https://i.scdn.co/image/ab67616d00004851b817e721691aff3d67f26c04","Moderate Popularity",23
"Iris","The Goo Goo Dolls",1,1998,3,31,13101,9,"1284942608",137,5,"582",0,"0",156,"B","Minor",32,49,72,0,0,9,4,"1756","87","156","neo mellow, permanent wave, pop rock, post-grunge","Folk/Acoustic, Rock, Metal","Dizzy up the Girl","1998-09-11","04:49","32","72","0","0","50","0","0","-8","B Minor","3","2023-08-14","6Qyc6fS4DsZjB2mRW9DsQs","Warner Records","10A","https://p.scdn.co/mp3-preview/30e2a899a94a089d5c341b782b00aa802fd87610?cid=0dd13485836e45ac9134860ee53d835f","https://i.scdn.co/image/ab67616d00004851eda9478c39a21e1cdc6609ca","Low Popularity",5
"Only Love Can Hurt Like This","Paloma Faith",1,2014,1,1,5148,0,"588955257",90,22,"365",0,"114",91,"G#","Major",57,30,89,10,0,33,8,"592","84","91","british soul, talent show","R&B, Pop","A Perfect Contradiction (Outsiders' Expanded Edition)","2014-03-10","03:52","57","89","10","0","30","0","30","-5","G#/A♭ Major","4","2023-08-14","62ke5zFUJN6RvtXZgVH0F8","RCA Records Label","4B","https://p.scdn.co/mp3-preview/0fbdfe1aa9aa59bcbf1e3f556ddcfa488430b1ac?cid=0dd13485836e45ac9134860ee53d835f","https://i.scdn.co/image/ab67616d00004851c4576f635253db511bb43789","Moderate Popularity",7
"The Scientist","Coldplay",1,2002,8,5,30992,6,"1608164312",124,25,"7,827",1,"0",146,"F","Major",56,21,44,73,0,11,2,"1386","87","146","permanent wave, pop","Rock, Pop","A Rush of Blood to the Head","2002-08-08","05:09","56","44","73","0","21","0","10","-7","F Major","4","2023-08-14","75JFxkI2RXiU7L9VXzMkle","Parlophone Records Limited","7B","https://p.scdn.co/mp3-preview/cb283ce76eeee06a724b942d36a140cc088dd50f?cid=0dd13485836e45ac9134860ee53d835f","https://i.scdn.co/image/ab67616d00004851de09e02aa7febf30b7c02d82","Low Popularity",11
"we fell in love in october","girl in red",1,2018,11,21,6858,0,"723043854",31,21,"15",0,"4",130,"G","Major",57,24,37,11,18,16,3,"246","85","130","bedroom pop, indie pop, norwegian indie, pop, pov: indie","Pop, Electronic","we fell in love in october / October Passed Me By","2018-11-21","03:04","57","37","11","18","24","0","10","-13","G Major","4","2023-08-14","6IPwKM3fUUzlElbvKw2sKl","world in red","9B","https://p.scdn.co/mp3-preview/0415195377d9574c4f552372019421311a34ce55?cid=0dd13485836e45ac9134860ee53d835f","https://i.scdn.co/image/ab67616d00004851d6839051c4760457e1a60b2a","Moderate Popularity",7
